<?xml version="1.0" encoding="utf-8"?>
<configuration>
    <settings id="app">
    </settings>
    <settings id="custom">
        <item>
            <const>CS_PORTAL_NAME</const>
            <value>cAmpus</value>
        </item>
        <item>
            <const>CS_VERSION_NO</const>
            <value>12.12</value>
        </item>
        <item>
            <const>CS_SUPPORT_EMAIL</const>
            <value>support@campus-learning.com</value>
        </item>
        <item>
            <const>CS_SITE_URL</const>
            <value>https://train.fitness</value>
        </item>
        <item>
            <const>CS_SITE_URL_CHECK</const>
            <value>https://mobilestudentdesktop.eteacher.pro/monitorstatus.aspx</value>
        </item>

        <item>
            <const>CS_SITE_URL_BASE</const>
            <value>http://test.mobilestudentdesktop.eteacher.pro/</value>
        </item>
        <item>
            <const>CS_APP_LANGUAGE</const>
            <value>[{"value":2,"language":"en"},{"value":17,"language":"en"},{"value":40,"language":"en"},{"value":25,"language":"cn"}]</value>
        </item>
        <item>
            <const>CS_SHOW_PREFERENCES</const>
            <value>0</value>
        </item>
        <item>
            <const>CS_ALLOW_OFFLINE</const>
            <value>1</value>
        </item>
        <item>
            <const>CS_MULTIPLE_DOWNLOADS</const>
            <value>1</value>
        </item>
        <item>
            <const>CS_SITE_URL_LOGIN</const>
                <value>UserService.svc/PortalUserAuthenticate</value>
        </item>
        <item>
            <const>CS_SITE_URL_SSOLOGIN</const>
                <value>UserService.svc/MSDPortalUserAuthenticate</value>
        </item>
        <item>
            <const>CS_SITE_URL_LOGOUT</const>
            <value>UserService.svc/UserLogOut</value>
        </item>
        <item>
            <const>CS_TERMS_AGREED</const>
            <value>UserService.svc/userAcceptPolicy</value>
        </item>

        <item>
            <const>CS_SITE_URL_CHECKUSERLOGOUTOTHERDEVICE</const>
            <value>UserService.svc/IsUserLogOutByOtherDevice</value>
        </item>
        <item>
            <const>CS_SITE_URL_LOGOUTOTHERDEVICE</const>
            <value>UserService.svc/UserLogOutFromOtherDevices</value>
        </item>
        <item>
            <const>CS_PORTAL_ID</const>
            <value>40</value>
        </item>
        <item>
            <const>CS_ANALYTICS_TRACK</const>
            <value>1</value>
        </item>
        <item>
            <const>CS_ANALYTICS_ID</const>
            <value>UA-207960-12</value>
        </item>
        <item>
            <const>CS_ECERTIFICATE_URL</const>
            <value>\\10.181.194.66\ecertificates\</value>
        </item>
        <item>
            <const>CS_LIBRARYID_ECLASS</const>
            <value>4</value>
        </item>
        <item>
            <const>CS_LIBRARYID_VIDEO</const>
            <value>5</value>
        </item>
        <item>
            <const>CS_MESSAGES_PAGE</const>
            <value>12</value>
        </item>
        <item>
            <const>CS_COURSETITLE_CHARS</const>
            <value>68</value>
        </item>
        <item>
            <const>CS_MODULETITLE_CHARS</const>
            <value>70</value>
        </item>
        <item>
            <const>CS_AUDIO_USEALLTRACKS</const>
            <value>1</value>
        </item>
        <item>
            <const>CS_SITE_URL_COURSES</const>
            <value>CourseService.svc/CoursesGetForUser</value>
        </item>
        <item>
            <const>CS_SITE_URL_LESSONS</const>
            <value>CourseService.svc/LessonStructureGet</value>
        </item>
        <item>
            <const>CS_SITE_URL_THEORY</const>
            <value>CourseService.svc/TheoryViewGet</value>
        </item>
        <item>
            <const>CS_SITE_URL_GUIDELINES</const>
            <value>CourseService.svc/GuidelinesGet</value>
        </item>

        <item>
            <const>CS_OTA_QUESTIONS</const>
            <value>UserStreamingService.svc/getOtaWorksheet</value>
        </item>

        <item>
            <const>CS_JOB_SENDAPPLICATION</const>
            <value>UserStreamingService.svc/SendJobApplication</value>
        </item>

        <item>
            <const>CS_OTA_GetSCOListLinkedToOTAExam</const>
            <value>CourseService.svc/getSCOListLinkedToOTAExam</value>
        </item>

        <item>
            <const>CS_OTAStartEnd_Insert</const>
            <value>UserService.svc/InsertUpdateOtaExamStartEndDetails</value>
        </item>
        <item>
            <const>CS_SITE_URL_THEORYVIEWUPDATE</const>
            <value>CourseService.svc/TheoryViewStatusUpdate</value>
        </item>
        <item>
            <const>CS_SITE_URL_MODULESTATUSUPDATE</const>
            <value>CourseService.svc/ModuleStatusUpdate</value>
        </item>
        <item>
            <const>CS_SITE_URL_WORKSHEET</const>
            <value>CourseService.svc/WorksheetGet</value>
        </item>
      <item>
            <const>CS_SITE_URL_FILE_EXTENSION</const>
            <value>UserService.svc/GetReferFriendANDAddCourseURL</value>
        </item>
        <item>
            <const>CS_SITE_URL_WORKSHEET_SAVE</const>
            <value>UserStreamingService.svc/WorksheetSave</value>
        </item>
        <item>
            <const>CS_SITE_URL_OTA_SAVE</const>
            <value>UserStreamingService.svc/IsAllOtaWorksheetAnswersSaved</value>
        </item>
        <item>
            <const>CS_SITE_URL_THEORYVIEWSTATUSUPDATE</const>
            <value>CourseService.svc/TheoryViewStatusUpdate</value>
        </item>
        <item>
            <const>CS_SITE_URL_WORKSHEETSAVE</const>
            <value>CourseService.svc/WorksheetSave</value>
        </item>
        <item>
            <const>CS_SITE_URL_HELPDESKISSUES</const>
            <value>UserService.svc/HelpdeskIssuesGet</value>
        </item>
        <item>
            <const>CS_SITE_URL_HELPDESKISSUES_V2</const>
            <value>UserService.svc/HelpdeskIssuesGetByRequester</value>
        </item>
        <item>
            <const>CS_SITE_URL_HELPDESKISSUECREATE</const>
            <value>UserStreamingService.svc/HelpdeskIssueCreate</value>
        </item>
        <item>
            <const>CS_SITE_URL_HELPDESKISSUEUPDATE</const>
            <value>UserService.svc/HelpdeskIssueUpdate</value>
        </item>
        <item>
            <const>CS_SITE_URL_HELPDESKISSUEADDCOMMENT</const>
            <value>UserStreamingService.svc/HelpdeskIssueAddComment</value>
        </item>
        <item>
            <const>CS_SITE_URL_HELPDESKISSUEFILEDELETE</const>
            <value>UserService.svc/HelpdeskIssueFileDelete</value>
        </item>
        <item>
            <const>CS_SITE_URL_HELPDESKISSUEFILEUPLOAD</const>
            <value>UserStreamingService.svc/HelpdeskFileUpload</value>
        </item>
        <item>
            <const>CS_SITE_URL_GETDEKOVALUES</const>
            <value>CourseService.svc/getDekoFinanceValues</value>
        </item>
        <item>
            <const>CS_SITE_URL_HELPDESKISSUEFILEDOWNLOAD</const>
            <value>UserStreamingService.svc/HelpdeskFileDownload</value>
        </item>
        <item>
            <const>CS_SITE_URL_HELPDESKIMAGEFILEDOWNLOAD</const>
            <value>UserStreamingService.svc/HelpdeskFileGet</value>
        </item>
        <item>
            <const>CS_SITE_URL_PDFDOWNLOAD</const>
            <value>https://lessonstructure.eteacher.pro/default.aspx</value>
        </item>
        <item>
            <const>CS_SITE_URL_ASSESSMENTSCHEDULES</const>
            <value>CourseService.svc/GetAssessmentSchedules</value>
        </item>
        <item>
            <const>CS_SITE_URL_ASSESSMENTBOOKING_CREATE</const>
            <value>CourseService.svc/AssessmentBookingCreate</value>
        </item>
        <item>
            <const>CS_SITE_URL_ASSESSMENTBOOKING_DELETE</const>
            <value>CourseService.svc/AssessmentBookingDelete</value>
        </item>
        <item>
            <const>CS_SITE_URL_ASSESSMENT_Packages</const>
            <value>CourseService.svc/GetAssessmentPackage</value>
        </item>
        <item>
            <const>CS_SITE_URL_ASSESSMENTRESULT</const>
            <value>CourseService.svc/GetAssessmentResult</value>
        </item>
        <item>
            <const>CS_SITE_URL_ASSESSMENTSUMMARY</const>
            <value>CourseService.svc/GetAssessmentSummary</value>
        </item>
        <item>
            <const>CS_SITE_URL_EMAILASSESSMENTSUMMARY</const>
            <value>CourseService.svc/AssessmentSummaryEmail</value>
        </item>
        <item>
            <const>CS_SITE_URL_FILEREMOVE</const>
            <value>CourseService.svc/PDFFileRemove</value>
        </item>
        <item>
            <const>CS_SITE_URL_SECTIONS</const>
            <value>CourseService.svc/SectionsGet</value>
        </item>
        <item>
            <const>CS_SITE_URL_PDFTEMP</const>
            <value>tempfiles/</value>
        </item>
        <item>
            <const>CS_SITE_URL_VIDEOS</const>
            <value>UserService.svc/VideoCategoriesGet</value>
        </item>
        <item>
            <const>CS_SITE_URL_VIDEOGROUPS</const>
            <value>UserService.svc/VideoCategoriesListingGet</value>
        </item>
        <item>
            <const>CS_SITE_URL_VIDEODETAILS</const>
            <value>UserService.svc/VideoDetailsListGet</value>
        </item>
        <item>
            <const>CS_SITE_URL_PODCASTS</const>
            <value>UserService.svc/GetPodcastsForUser</value>
        </item>
        <item>
            <const>CS_SITE_URL_VIDEOVIEWPDATE</const>
            <value>UserService.svc/VideoViewsUpdate</value>
        </item>
        <item>
            <const>CS_SITE_URL_AUDIOGROUPS</const>
            <value>UserService.svc/AudioCategoriesListGet</value>
        </item>
        <item>
            <const>CS_SITE_URL_PODCASTTHUMBNAIL</const>
            <value>UserService.svc/PodcastThumbnailFileStringGet</value>
        </item>
        <item>
            <const>CS_SITE_URL_SETUSERSYNCPOSITION</const>
            <value>UserService.svc/UserSyncPositionSet</value>
        </item>
        <item>
            <const>CS_SITE_URL_GETUSERSYNCPOSITION</const>
            <value>UserService.svc/UserSyncPositionGet</value>
        </item>
        <item>
            <const>CS_SITE_URL_REQUESTCERTIFICATE</const>
            <value>UserService.svc/ModuleCertificateRequest</value>
        </item>
        <item>
            <const>CS_SITE_URL_DOWNLOADCERTIFICATE</const>
            <value>UserStreamingService.svc/CertificateDownload</value>
        </item>
        <item>
            <const>CS_SITE_URL_DOWNLOADPDFFILE</const>
            <value>UserStreamingService.svc/PDFFileDownload</value>
        </item>
        <item>
            <const>CS_SITE_URL_DOWNLOADPDFFILEGET</const>
            <value>UserService.svc/PDFFileDownload</value>
        </item>
        <item>
            <const>CS_SITE_URL_PLAYLISTS</const>
            <value>UserService.svc/UserPlaylistsGet</value>
        </item>
        <item>
            <const>CS_SITE_URL_PLAYLIST_SAVE</const>
            <value>UserStreamingService.svc/UserPlaylistSave</value>
        </item>
        <item>
            <const>CS_SITE_URL_PLAYLIST_UPDATE</const>
            <value>UserStreamingService.svc/UserPlaylistUpdate</value>
        </item>
        <item>
            <const>CS_SITE_URL_PLAYLIST_DELETE</const>
            <value>UserService.svc/UserPlaylistDelete</value>
        </item>
        <item>
            <const>CS_PLAYLIST_ICONFILE</const>
            <value>https://cdn.eteacher.pro/Portals/17/eteacherproMusic/0/playlisticon.png</value>
        </item>
        <item>
            <const>CS_OTA_GUIDLINES</const>
            <value>UserStreamingService.svc/getOTAInfo</value>
        </item>
        <item>
            <const>CS_DELETE_HELPDESKMULTIPLEFILE</const>
            <value>CourseService.svc/deleteAzureFile</value>
        </item>
        <item>
            <const>CS_UPDATE_COURSESTATUS</const>
            <value>CourseService.svc/updateCourseStatus</value>
        </item>
        <item>
            <const>CS_TERMS_SECOND_PART</const>
            <value>UserService.svc/getTermsCondtionsData</value>
        </item>
        <item>
            <const>CS_TERMS_ALL_CONDITION</const>
            <value>UserService.svc/getAllTermsCondtionsData</value>
        </item>
        <item>
            <const>CS_TERMS_ACCEPT_CONDITION</const>
            <value>UserService.svc/userAcceptPolicyBeforePayment</value>
        </item>
        <item>
            <const>CS_SECURE_TRADING_JWT</const>
            <value>CourseService.svc/getJwtSecureTrading</value>
        </item>
        <item>
            <const>CS_SECURE_TRADING_SUCCESS_SAVE</const>
            <value>CourseService.SVC/BuildPaymentAndPay</value>
        </item>
        <item>
            <const>CS_USER_INFO_DETAILS</const>
            <value>UserService.svc/GetUserDetails</value>
        </item>
        <item>
            <const>CS_GET_MYAVAILABLEECLASSES</const>
            <value>CourseService.svc/getMyAvailableEClassesNew</value>
        </item>
        <item>
            <const>CS_GET_MYCURRENTECLASSES</const>
            <value>CourseService.svc/GetMyCurrentEClassSchedule</value>
        </item>
        <item>
            <const>CS_GET_AVIABLEDATES</const>
            <value>CourseService.svc/GetPackageModulesAvailableDates</value>
        </item>
        <item>
            <const>CS_GET_MYCURRENTBOOKING</const>
            <value>CourseService.svc/getCurrentBookings</value>
        </item>

        <item>
            <const>CS_GET_MYCURRENTBOOKINGCANCEL</const>
            <value>CourseService.svc/cancelMyCurrentBooking</value>
        </item>

        <item>
            <const>CS_GET_BOOKCLASSES</const>
            <value>CourseService.svc/BookMyAvailableEClasses</value>
        </item>

        <item>
            <const>CS_GET_CANCELBOOKCLASSES</const>
            <value>CourseService.svc/cancelMyCurrentClasses</value>
        </item>
        <item>
            <const>CS_APP_LINK</const>
            <value>https://share.amplifylife.com/xoN6</value>
        </item>
        <item>
            <const>CS_GET_ATTENDBOOKCLASSES</const>
            <value>CourseService.svc/getUpdatedEClassAttendence</value>
        </item>
        <item>
            <const>CS_GET_JOBBOARDDETAILS</const>
            <value>CourseService.svc/GetJobBoardDetailsList</value>
        </item>
        <item>
            <const>CS_GET_SINGLEJOBDETAILS</const>
            <value>CourseService.svc/GetJobById</value>
        </item>
        <item>
            <const>CS_TERMS_URL</const>
            <value>https://campus.eteacher.pro/data/TermsAndConditions.aspx</value>
        </item>
        <item>
            <const>CS_payment_TERMS_URL</const>
            <value>https://studentdesktop.eteacher.pro/data/TermsAndConditions.aspx</value>
        </item>
        <item>
            <const>CS_OTA_getYuduPath</const>
            <value>CourseService.svc/getYuduPath</value>
        </item>
        <item>
            <const>CS_ABOUT_TXT</const>
            <value>&lt;div style="text-align:center; margin-top:-5%"&gt;
                &lt;h2&gt;cAmpus&lt;/h2&gt;
                
                To contact us please email our team &lt;a href="mailto:support@train.fitness"&gt;support@train.fitness&lt;/a&gt;
                &lt;br/&gt;
            </value>
        </item>
    </settings>
</configuration>
